path,size_bytes,lines,lang,sha256,mtime_iso
Dockerfile,843,26,text,f5d6d11116fc7daa4607ca54d5b9b85f06568298cb69c4f527a373b1fae6266f,2025-10-01T08:02:51.422641+00:00
Dockerfile.python,807,25,text,a9401eccb0d974ab21707ab6de13402c572b87af1f7da2ea91015bd0f1f76a95,2025-10-01T08:02:51.422641+00:00
LICENSE,1055,21,text,3bed3331b7048bac17cf50e249d560ccc9508c970da8d7b9283bf4f2e633a91d,2025-10-01T08:02:51.422641+00:00
README.md,3188,110,markdown,ec1f87e2bb51bdd9574e96fff2aba1e5c73378338abc0397b6c5fd02e6ddd7b8,2025-10-01T08:02:51.422641+00:00
agentic_orchestration/agents/auto_debugger.py,422,14,python,b94cd081833fb87b3cb3aaf78c74273364ed4784a5e963fa79090d689608fb9e,2025-10-01T08:02:51.422641+00:00
agentic_orchestration/agents/exploit_injector.py,348,13,python,2fbed22c11ac3e96dfaf3fe38a2d059d6d7e00f948a85588887cae8be70c7109,2025-10-01T08:02:51.422641+00:00
agentic_orchestration/agents/selfmutatingagent.py,582,21,python,489ada56a80c358e91d3e62e6ae1c37e326e59f4b2af06cb005488daf86375d9,2025-10-01T08:02:51.426641+00:00
agentic_orchestration/benchmarks/api_benchmark.py,666,22,python,2aeb594e644d91f6612799bbd8a805b45f85dc5fe6744535e101ba6b3a6053f4,2025-10-01T08:02:51.426641+00:00
agentic_orchestration/benchmarks/fingerprint.py,483,14,python,3249ab428801108dce0cbe2dd1905571831a222740dacbc068a5973adcae0bd6,2025-10-01T08:02:51.426641+00:00
agentic_orchestration/benchmarks/latency_logger.py,394,17,python,76f60908300657999d49a65202ff7c55e4f97551f7ca3051097f52ff58d3e6f9,2025-10-01T08:02:51.426641+00:00
agentic_orchestration/config.py,319,14,python,febb7d36b576eaccc1c4901b1a6c5cd10025ae6aac08a46ee2d1fbea901b6e8d,2025-10-01T08:02:51.426641+00:00
agentic_orchestration/crawler/hiddenapitraceback.py,1657,54,python,5fe80b6c045d70b8e6ca0f8b534ce0285593d9759c1ac446034c4ff7cd50456e,2025-10-01T08:02:51.430641+00:00
agentic_orchestration/crawler/js_scraper.py,512,15,python,733058d11697a2ce22cee244435f95e7444caf564d8938dae6ba78d19c250053,2025-10-01T08:02:51.430641+00:00
agentic_orchestration/data/graphs/xbow_graph.json,1441442,49453,json,547e1d9071e2ade25b03210715e38099f69e803398214a92bc5df46aeb59ffd8,2025-10-01T08:02:51.458641+00:00
agentic_orchestration/data/traces/api_benchmark.json,2,1,json,4f53cda18c2baa0c0354bb5f9a3ecbe5ed12ab4d8e11ba873c2f11161202b945,2025-10-01T08:02:51.458641+00:00
agentic_orchestration/data/traces/hiddenapitrace.json,205982,5324,json,57e1e479aa4604af073f5119dc0040885f0da0b8eb1a1958d1c48d801fceb966,2025-10-01T08:02:51.466641+00:00
agentic_orchestration/forecasting/__init__.py,63,1,python,32f65a5f7189a7ae6514a36535c1210b8ea11511cd9b55981566e81ed0b9446c,2025-10-01T08:02:51.470641+00:00
agentic_orchestration/forecasting/repo_forecaster.py,6121,161,python,241082af8bca4faf47ad8380d35a25cc394f1e18497d8b78fc87ab18f4347e2b,2025-10-01T08:02:51.470641+00:00
agentic_orchestration/orchestration/agenticflowloop.py,943,25,python,3bef8696a11f06024f4b19e0c56fd62da15b0f8654641d769d8f248944f1a357,2025-10-01T08:02:51.470641+00:00
agentic_orchestration/orchestration/xbow_visualizer.py,811,27,python,65c9518aded1f729e26947658b75f1541a887c97f831e31d2af95d5984ee016c,2025-10-01T08:02:51.470641+00:00
agentic_orchestration/orchestration/xbowgraphbuilder.py,960,29,python,1926125e5d33fe328906b38c06b525974250c7bdf4335b4cdffdcfffd89872e3,2025-10-01T08:02:51.470641+00:00
agentic_orchestration/requirements.txt,69,7,text,2b1f0167940f19942cba9500c3eb0f627efce6cd0baa39c56cf3be8f80b988ce,2025-10-01T08:02:51.470641+00:00
agentic_orchestration/run.py,2996,73,python,33ebdc17c07f7be97f84c117c6c70ec375f8cdcdec7999bbb768731625c1cf3c,2025-10-01T08:02:51.474641+00:00
agentic_orchestration/run_forecaster.py,2039,56,python,e15581e260847af060425d9e03c73bfe351a6e3186ec7d099a470dc544da6764,2025-10-01T08:02:51.474641+00:00
agentic_orchestration/vm/deploygooglevm.sh,751,18,bash,d7a5a5b6c1d5fe0b3a04f2fb42e8bf4c4d8b6a343e96f99340485f0cdc787500,2025-10-01T08:02:51.474641+00:00
agentic_orchestration/vm/startup_config.yaml,629,16,yaml,0eb496346cf02132bcdfdede05ab972c5722f591cd6a6304c20878b728d20bde,2025-10-01T08:02:51.474641+00:00
ai-workflow/activities/__init__.py,0,0,python,e3b0c44298fc1c149afbf4c8996fb92427ae41e4649b934ca495991b7852b855,2025-10-01T08:02:51.474641+00:00
ai-workflow/activities/onedrive_sync.py,2828,73,python,2c9bb0d8db881114cb406a2eeedc7dc81075a59498b7dbbf65bbcff7458d6c04,2025-10-01T08:02:51.474641+00:00
ai-workflow/services/__init__.py,0,0,python,e3b0c44298fc1c149afbf4c8996fb92427ae41e4649b934ca495991b7852b855,2025-10-01T08:02:51.478641+00:00
ai-workflow/services/onedrive/__init__.py,0,0,python,e3b0c44298fc1c149afbf4c8996fb92427ae41e4649b934ca495991b7852b855,2025-10-01T08:02:51.478641+00:00
ai-workflow/services/onedrive/client.py,2316,65,python,44e1c59051df319b97285078377e834cb22d062508055b2b3cd1d342d312700f,2025-10-01T08:02:51.478641+00:00
ai-workflow/services/onedrive/parser.py,399,12,python,ac5ce6c4c6de8f409fe1b689402205e0952daf4f1fa75fa3156f63220358c269,2025-10-01T08:02:51.478641+00:00
ai-workflow/storage/__init__.py,0,0,python,e3b0c44298fc1c149afbf4c8996fb92427ae41e4649b934ca495991b7852b855,2025-10-01T08:02:51.478641+00:00
ai-workflow/storage/memory_store.py,2045,67,python,4e5bf7aa15d73778b5cafe765a770c79a7e3332477d66d31795b83dd7a568bd0,2025-10-01T08:02:51.482641+00:00
ai-workflow/workflows/__init__.py,0,0,python,e3b0c44298fc1c149afbf4c8996fb92427ae41e4649b934ca495991b7852b855,2025-10-01T08:02:51.482641+00:00
ai-workflow/workflows/onedrive_workflow.py,2166,78,python,37c2374f6412c144af9cb1debd74b299e1deee91ea44311f40d5ade6c652d4a4,2025-10-01T08:02:51.482641+00:00
compose.yml,697,38,yaml,49276f5a784a9bd259f77aa00f71b0f0559d022b3ab1fbb8517a7c8a32e06820,2025-10-01T08:02:51.482641+00:00
configs/config.example.yaml,1141,37,yaml,0b7dad03de319f88d3e4918b4c0d94aeb3996c4ba0e7b7283278d09c57f52050,2025-10-01T08:02:51.482641+00:00
cross_platform_validator/__init__.py,0,0,python,e3b0c44298fc1c149afbf4c8996fb92427ae41e4649b934ca495991b7852b855,2025-10-01T08:02:51.482641+00:00
cross_platform_validator/validator.py,4800,107,python,df79cbbacf6acfb8f941bc03c73a91c9d4f94c50a549708d925bde7adfa15c36,2025-10-01T08:02:51.482641+00:00
cross_platform_validator/workflow.py,1474,46,python,97d7112389b705365950e6f8c482dd1fd686ce6bbc160cda1675b4dc5cd91a08,2025-10-01T08:02:51.486641+00:00
docs/api/.gitkeep,0,0,text,e3b0c44298fc1c149afbf4c8996fb92427ae41e4649b934ca495991b7852b855,2025-10-01T08:11:33.814260+00:00
docs/build_dependencies.md,7414,253,markdown,02e61f00322a809f2f0c212fd0276ab564c462e4bdcfb95b3a99208f4be69627,2025-10-01T08:02:51.486641+00:00
docs/tree/.gitkeep,0,0,text,e3b0c44298fc1c149afbf4c8996fb92427ae41e4649b934ca495991b7852b855,2025-10-01T08:11:33.814260+00:00
examples/README.md,1163,38,markdown,1725d219a1ff60fce3fd8b36842da6ea371c66f030ecd17a9d8401d389e7082a,2025-10-01T08:02:51.486641+00:00
examples/check_build_dependencies.py,2655,93,python,d1346869bbd3094e7559c3113744cb95f0aa5a6ac0f790f62d4343324cb3637b,2025-10-01T08:02:51.486641+00:00
flaw_first_optimizer/__init__.py,0,0,python,e3b0c44298fc1c149afbf4c8996fb92427ae41e4649b934ca495991b7852b855,2025-10-01T08:02:51.486641+00:00
flaw_first_optimizer/agent_router.py,1979,49,python,454f8d8c5d1183ec923ed6921ecd2f96d45e8d1b3067e7b5208e9a566c8f57f9,2025-10-01T08:02:51.490641+00:00
flaw_first_optimizer/airgap_overlay.py,2164,51,python,e5780bef3ea8570e6ec060644a06b0273faa15972e44d8ca9b59dc7616eda0db,2025-10-01T08:02:51.490641+00:00
flaw_first_optimizer/audittrailwriter.py,2193,61,python,338131a465dc0d7f39c91be098c90ba02c7194c8e49bf5961b41ada870851e65,2025-10-01T08:02:51.490641+00:00
flaw_first_optimizer/benchmark_runner.py,136,3,python,3baed936e6a026a5c895e16673a6e9dc399202efdbe8a8ae91554ab48c898754,2025-10-01T08:02:51.490641+00:00
flaw_first_optimizer/benchmarks.py,2502,62,python,5b4c348a33a4b7b460a4e364c7b95e026a39c44ef6122ccdc09d6ae6029824aa,2025-10-01T08:02:51.490641+00:00
flaw_first_optimizer/dev_ui.py,2405,63,python,5eecc85fde038697968b36c4db71dacb70198af77e29cb5ab3d018f6a32699ae,2025-10-01T08:02:51.490641+00:00
flaw_first_optimizer/doc_pipeline.py,1840,49,python,c930e7a288da9c0889b27629b194d086419620c923051f8bad612ad6efc7553d,2025-10-01T08:02:51.490641+00:00
flaw_first_optimizer/entropy_injector.py,246,8,python,7db394db13383f68ecc24e54b3567d882a5be066bacc0a42f0f472a317b99c4a,2025-10-01T08:02:51.494641+00:00
flaw_first_optimizer/jules_agent.py,1257,37,python,af938e029f66d36fbc354409770081082bebe978c612801c7dc685ab6260c5b2,2025-10-01T08:02:51.494641+00:00
flaw_first_optimizer/legallabelingui.py,2510,61,python,45504108f25f84a1088cb434127b5f70e2a3620bfbe0e9801a817523b8ceb8aa,2025-10-01T08:02:51.494641+00:00
flaw_first_optimizer/mission_thread.py,216,10,python,feb8cb9aaa29ab17c1bd9fe77730fe67b7d42827c4b9b344f3caa87a44d42459,2025-10-01T08:02:51.494641+00:00
flaw_first_optimizer/mutation_anchor.py,261,11,python,fa43505f2fbf726d301010d7f693517d468e1e4abee47e74c42609a5fac49a14,2025-10-01T08:02:51.494641+00:00
flaw_first_optimizer/mutation_suggester.py,2197,55,python,87ec66d6f59c5f9a7010f8be963d0b70d96fa343ce1a61bb721d7e8eac26afa7,2025-10-01T08:02:51.494641+00:00
flaw_first_optimizer/neo4j_mapper.py,113,2,python,41c2b3a0a3db6874a040eb938bcb775e6ab05501b82691f6e476dcb50e3704e6,2025-10-01T08:02:51.494641+00:00
flaw_first_optimizer/offlinemodelmirror.py,2677,65,python,a74f8032ff33f30df542135178a7b105ee3c20e0ebc49f2d592d803dbe840eb1,2025-10-01T08:02:51.494641+00:00
flaw_first_optimizer/pr_simulator.py,2406,61,python,5c636266e65fdd8f643b5bd01972dd0c49ae65ab75ae192f54287ae77abca09f,2025-10-01T08:02:51.494641+00:00
flaw_first_optimizer/psi_kernel.py,1781,44,python,b96838e24b5504256ce8e53b2502c25603a0c20e10b780575eda9d00c180dc95,2025-10-01T08:02:51.494641+00:00
flaw_first_optimizer/qdrant_indexer.py,2472,62,python,a972a2a84b47f8a14ca8ba181d22d8c3c3f6e2fc4cc33c25862c92ccca14c675,2025-10-01T08:02:51.498641+00:00
flaw_first_optimizer/repo_fingerprint.py,2621,67,python,a86c5bc42a19a2e871e39f5be647ab0bf830b2b231b98fccf910a0798af387ef,2025-10-01T08:02:51.498641+00:00
flaw_first_optimizer/reroute_replay.py,2191,54,python,26e2b16b7ce0ae73cab68399b869535fa675ea2c068ea035a03a585ef02206f1,2025-10-01T08:02:51.498641+00:00
flaw_first_optimizer/reroute_traceback.py,125,3,python,6a99ac0486c426b159fedb3dcca65e7c06742b32bb37ba86dc9d9ce6370be00d,2025-10-01T08:02:51.498641+00:00
flaw_first_optimizer/security_scanner.py,1962,48,python,2f9367ca42a849549528469b7780a19803b3254518b28aa7a593d83334df476e,2025-10-01T08:02:51.498641+00:00
frontend/src/components/PRConflictVisualizer.vue,585,30,text,698ec3a82fae4f933b73a85fd2934d6c7aae4f0b14fb90186ca0b02451a32746,2025-10-01T08:02:51.502641+00:00
frontend/src/components/RecoveryDashboard.vue,523,28,text,fb8b10547cb49658ae5240eaccb7863e038bcfa072fda4dfde104c01ceca2b10,2025-10-01T08:02:51.502641+00:00
infra/terraform/syzygyos.tf,1217,44,text,f83017941b4be1a5ab635180d3d0f3ed14c1b5d1e91b3204e6b04cabc67894c1,2025-10-01T08:02:51.506641+00:00
jules_mission_omega/README.md,3271,43,markdown,3593c8e119d1b084a129c40ea4707265e7e9443f8d361252b3c0cd31764b6555,2025-10-01T08:02:51.506641+00:00
jules_mission_omega/benchmark_runner.py,662,19,python,03b7cdb0413ec1a153979d63198b01c3ae5d2572f36d6e46a76bae2a45608a6e,2025-10-01T08:02:51.506641+00:00
jules_mission_omega/dry_run_harness.py,570,15,python,bb97279fdee5efe67b86f37d252f5c52385f28c383540c74e74e910f6f4e80ce,2025-10-01T08:02:51.506641+00:00
jules_mission_omega/hf_model_router.py,720,16,python,b4baf8f543da131e9b30ed8e7e7dbe332073b562626787b025a416d2756032a3,2025-10-01T08:02:51.506641+00:00
jules_mission_omega/julesmissionomega.py,2528,59,python,ff2782f6d06e0a940f029ea36d75ea30776f902c4b9ed2fac07bc76140f1e403,2025-10-01T08:02:51.506641+00:00
jules_mission_omega/mutation_anchor.py,869,23,python,4ff73c4d22a273b8184a957b50ec7eb32f72656689da3026130666b3ee5a757b,2025-10-01T08:02:51.510641+00:00
jules_mission_omega/psi_kernel.py,1642,43,python,f77562d8dbf938962e17451546e52ba3f64e29cc575c083721256db00378cc34,2025-10-01T08:02:51.510641+00:00
jules_mission_omega/reroute_traceback.py,386,11,python,628ac9ac90044b9c00c1790cd8c4d2ce546af682a0cad5dc03b1e411ad2c5e1e,2025-10-01T08:02:51.510641+00:00
k8s/base/semantic-search-api.yaml,1038,46,yaml,a042cab02d0577bd166c0c22735f6b9950193aae765e7a2c74ed5893d3090dde,2025-10-01T08:02:51.510641+00:00
k8s/base/synapse-cortex-worker.yaml,1656,61,yaml,9a9b89e756ed1b0dbd74f27d3e37fa1b41af6dde0b1d5a66b8db9c3c3a77ce89,2025-10-01T08:02:51.510641+00:00
memory/SELF_CYCLE_001.json,1873,19,json,6b9346976a93d989ff272d7c8d4eac61d0a95b2d11cc94ae0e339ed6dc2686ea,2025-10-01T08:02:51.514641+00:00
memory_artifacts/memorytags.md,932,24,markdown,ab2bee7a97b85ef0eebbab6ecfcd9729a61ddc0a5fba0eab17cff156438ad4a6,2025-10-01T08:02:51.514641+00:00
optimizer/__init__.py,0,0,python,e3b0c44298fc1c149afbf4c8996fb92427ae41e4649b934ca495991b7852b855,2025-10-01T08:02:51.514641+00:00
optimizer/api/__init__.py,0,0,python,e3b0c44298fc1c149afbf4c8996fb92427ae41e4649b934ca495991b7852b855,2025-10-01T08:02:51.518641+00:00
optimizer/api/main.py,2646,99,python,afe66c1800c43e2be48aef94c9917f5a8162710ad2e8250089346f23e922c31f,2025-10-01T08:02:51.518641+00:00
optimizer/apiatlas/cli.py,315,9,python,5acf6655b815c9b15f6f217a5c9cf3f6f7147c542227aaaced5cf8266278c8e5,2025-10-01T08:11:33.814260+00:00
optimizer/apiatlas/config.yaml,891,40,yaml,e9052bc402c6d0b87dc13497973229ad331b2bf755f455994e7a637ba9b87b4b,2025-10-01T08:11:33.814260+00:00
optimizer/apiatlas/debugger.py,2014,47,python,e1d97470282b3ea6068d6ffeb5a63d66fc38ce8d63d6e02e30d92bed9355d2f6,2025-10-01T08:11:33.814260+00:00
optimizer/apiatlas/heal.py,3247,80,python,c3a885b629aaa16100dc03e2a2012cf74fc1fadb85a401d1ae170ae22b1e6e39,2025-10-01T08:11:33.814260+00:00
optimizer/apiatlas/health.py,2187,54,python,80f3bdb241fc80ac40d7f92432048e9635732225251b0879803ac41b3a5dd30f,2025-10-01T08:11:33.814260+00:00
optimizer/apiatlas/scanner.py,8799,217,python,6618c8a8dc6944b135502eb827301b84a9dcd84c9f075e9680b00f419fb6c234,2025-10-01T08:11:33.818260+00:00
optimizer/cli/__init__.py,0,0,python,e3b0c44298fc1c149afbf4c8996fb92427ae41e4649b934ca495991b7852b855,2025-10-01T08:02:51.518641+00:00
optimizer/cli/main.py,1217,48,python,c3ce7d2301ae12dafe454aef3be82f4fbffec5f2831fb3237c78eae053719d41,2025-10-01T08:02:51.518641+00:00
optimizer/config/settings.py,1175,48,python,26844f6947e50bd250747beb34f2d604f514f24d4a64bbec1256f7c2542f3cfc,2025-10-01T08:02:51.522641+00:00
optimizer/core/__init__.py,0,0,python,e3b0c44298fc1c149afbf4c8996fb92427ae41e4649b934ca495991b7852b855,2025-10-01T08:02:51.522641+00:00
optimizer/core/auth_matrix.py,1554,49,python,92cfec62148b8b501d47fb31d6089784f1205a96110f1ae0ec3616a060d879e4,2025-10-01T08:02:51.522641+00:00
optimizer/core/engine.py,1528,52,python,a5a46f94adffce8d709ba7e38eb70400c9f037344be4d564437846480a682168,2025-10-01T08:02:51.522641+00:00
optimizer/core/node.py,948,33,python,4e54089a56d587de252e24dbe46670831e374a5e92b37766e7dcce7d12e1c95c,2025-10-01T08:02:51.522641+00:00
optimizer/flaws/broken_imports.py,173,5,python,ff7f09ec93d5bfbd98c378f10d8bd15a84b40a5287b11321ce7cf29f025c1522,2025-10-01T08:02:51.522641+00:00
optimizer/flaws/buginjectionmatrix.py,2005,47,python,231a824d442893259fc5d39e26d9b9c1dac8e74f68a24dd65b46b35b3c86c83a,2025-10-01T08:02:51.522641+00:00
optimizer/flaws/infiniteloopsimulator.py,1175,30,python,e589a45601a338a14c43064d049fae4b39ab0cbb7218f8130b1440a7019b1aa1,2025-10-01T08:02:51.526641+00:00
optimizer/flaws/memory_poisoner.py,1687,38,python,e2a8e6e2dc6261c8562cf40aeb4554df9cd58f9290682321a64f90f1fb7e7ec8,2025-10-01T08:02:51.526641+00:00
optimizer/flaws/semanticdriftgenerator.py,1551,39,python,34341967d28a5ee281a66e65731289597513804881e6bcfe24b3659ee657f028,2025-10-01T08:02:51.526641+00:00
optimizer/logging_config.py,595,25,python,8cdacdc7ece9aa8f6dc533c6defcfcdeb265d5f4775b2af0e28bc86cd065e50e,2025-10-01T08:02:51.526641+00:00
optimizer/research/manifest.yaml,269,6,yaml,e0917cfe30cd81243a69ea0e012c00b3e5fd3de18ba309dcfd6f1d1e3e21eb2a,2025-10-01T08:11:33.818260+00:00
optimizer/research/tree_config.yaml,559,23,yaml,a8bc7905d961c4eb99482534d467561bb2a079fc71d0059341072457edef25d5,2025-10-01T08:11:33.818260+00:00
optimizer/research/tree_mapper.py,9286,260,python,2f5ccfba0df0723f0d5f893e198afb741a6e13b6abfe0e4396578becd9ca98dc,2025-10-01T08:11:33.818260+00:00
optimizer/utils/__init__.py,15,1,python,f215a7ecf74ec78aa5eac299e2cfb7a34ad13016836e1cfd6638b6e14f444c75,2025-10-01T08:02:51.526641+00:00
optimizer/utils/build_helper.py,8022,265,python,a4a511f3336c147d6f5feeba9eb7f5708e17f528c419cac3cb2d58a24d47e380,2025-10-01T08:02:51.530641+00:00
optimizer_sentinel/__init__.py,0,0,python,e3b0c44298fc1c149afbf4c8996fb92427ae41e4649b934ca495991b7852b855,2025-10-01T08:02:51.530641+00:00
optimizer_sentinel/adapters/__init__.py,0,0,python,e3b0c44298fc1c149afbf4c8996fb92427ae41e4649b934ca495991b7852b855,2025-10-01T08:02:51.530641+00:00
optimizer_sentinel/adapters/anomalymodeladapter.py,293,9,python,0fab7c761488e0977f734929d1bae61e7cccb025a35c706b45e3315650caec99,2025-10-01T08:02:51.530641+00:00
optimizer_sentinel/adapters/dbtraceadapter.py,0,0,python,e3b0c44298fc1c149afbf4c8996fb92427ae41e4649b934ca495991b7852b855,2025-10-01T08:02:51.530641+00:00
optimizer_sentinel/adapters/risk_model.py,391,11,python,6a1f28402b9078d0af900e872ee9a48e98e7ffac7746290536259f204d38694a,2025-10-01T08:02:51.530641+00:00
optimizer_sentinel/agents/__init__.py,0,0,python,e3b0c44298fc1c149afbf4c8996fb92427ae41e4649b934ca495991b7852b855,2025-10-01T08:02:51.534641+00:00
optimizer_sentinel/agents/patch_engine.py,422,11,python,cedf327400cddebef29344932fa24a6806442cef49c711b0b4a9755907d5d76e,2025-10-01T08:02:51.534641+00:00
optimizer_sentinel/agents/predictive_debug_engine.py,1789,45,python,c4637f74c67eb5fc9998da568af37ccebc10e6e66cb1fb77901c413671c99fea,2025-10-01T08:02:51.534641+00:00
optimizer_sentinel/agents/predictive_debugger_legacy.py,465,13,python,6a2dfa9f9db654b6e01a5130e585738a2be7502020c801bb0f953f127d7cc525,2025-10-01T08:02:51.534641+00:00
optimizer_sentinel/interfaces/__init__.py,0,0,python,e3b0c44298fc1c149afbf4c8996fb92427ae41e4649b934ca495991b7852b855,2025-10-01T08:02:51.534641+00:00
optimizer_sentinel/interfaces/cli.py,0,0,python,e3b0c44298fc1c149afbf4c8996fb92427ae41e4649b934ca495991b7852b855,2025-10-01T08:02:51.538641+00:00
optimizer_sentinel/main.py,0,0,python,e3b0c44298fc1c149afbf4c8996fb92427ae41e4649b934ca495991b7852b855,2025-10-01T08:02:51.538641+00:00
optimizer_sentinel/storage/__init__.py,0,0,python,e3b0c44298fc1c149afbf4c8996fb92427ae41e4649b934ca495991b7852b855,2025-10-01T08:02:51.538641+00:00
optimizer_sentinel/storage/forecast_cache.py,0,0,python,e3b0c44298fc1c149afbf4c8996fb92427ae41e4649b934ca495991b7852b855,2025-10-01T08:02:51.538641+00:00
optimizer_sentinel/storage/neo4j_anchor.py,1185,41,python,6afa098be93eaa8f94f4df3136329f243d1d81c93743728f4b8f7edc03758651,2025-10-01T08:02:51.538641+00:00
optimizer_sentinel/workflows/__init__.py,0,0,python,e3b0c44298fc1c149afbf4c8996fb92427ae41e4649b934ca495991b7852b855,2025-10-01T08:02:51.538641+00:00
optimizer_sentinel/workflows/forecastandpatch.py,622,18,python,4a9ca47591c3cfb59adf272e1ea6f8a2ec40ecd005597b1839897b4068c5e340,2025-10-01T08:02:51.538641+00:00
optimizer_sentinel/workflows/schemamigrationguard.py,851,25,python,3a3e09355822f8f9c93824374e33b45bf212a5d19e801c0dee1079ff70890c89,2025-10-01T08:02:51.538641+00:00
physixiology_api/gateway/Dockerfile,638,23,text,49add3494c2338de76ce3a72f1d08ba3784588ae43cacbd1dbcb3da64281d554,2025-10-01T08:02:51.542641+00:00
physixiology_api/gateway/main.py,332,14,python,a84b481ed61eb5c387ea038e755c821cd6764423cc8cd0311f8a7d9b3ec12503,2025-10-01T08:02:51.542641+00:00
physixiology_api/gateway/requirements.txt,25,2,text,0a4bcad277f760e870965be881ea3bed85f88eddf0f5b598ca8c8076a71ab978,2025-10-01T08:02:51.542641+00:00
policies/merge_control.rego,1251,47,text,b7dbe4ba1143473daf6dcd79d1613f78a5d4d031b4d0e5a0dba20cf6c19447d1,2025-10-01T08:02:51.542641+00:00
psi_agent/__init__.py,0,0,python,e3b0c44298fc1c149afbf4c8996fb92427ae41e4649b934ca495991b7852b855,2025-10-01T08:02:51.546641+00:00
psi_agent/agents/__init__.py,0,0,python,e3b0c44298fc1c149afbf4c8996fb92427ae41e4649b934ca495991b7852b855,2025-10-01T08:02:51.546641+00:00
psi_agent/agents/db_evolver.py,706,22,python,04de998ed61a598201a7c2f693ff6de0ae5124b2f498697435488c13cb8946e4,2025-10-01T08:02:51.546641+00:00
psi_agent/agents/fallback_repair.py,816,24,python,4437be4fdd4b3d91b6d990011ecc8742edd0a08ef6295c045de7044b9d7a75dd,2025-10-01T08:02:51.546641+00:00
psi_agent/agents/knowledge_expander.py,750,22,python,e77db7a227b5f45c0285dd841eacd2e98080032c877c3592fd0ff0bdabbd0a14,2025-10-01T08:02:51.546641+00:00
psi_agent/agents/repo_rewriter.py,752,23,python,e6551880bbc24aec031897006aebe2c664c168079c8d79355dc6e4c26fcb48d2,2025-10-01T08:02:51.546641+00:00
psi_agent/agents/self_debugger.py,770,24,python,b92a7a6c854b15a5e206db3421a35bc592d602c1455f0334967e889ca9267efa,2025-10-01T08:02:51.546641+00:00
psi_agent/alignment_monitor/__init__.py,0,0,python,e3b0c44298fc1c149afbf4c8996fb92427ae41e4649b934ca495991b7852b855,2025-10-01T08:02:51.546641+00:00
psi_agent/alignment_monitor/benchmarking/__init__.py,0,0,python,e3b0c44298fc1c149afbf4c8996fb92427ae41e4649b934ca495991b7852b855,2025-10-01T08:02:51.546641+00:00
psi_agent/alignment_monitor/benchmarking/benchmark_exposer.py,2718,66,python,0fde21ca456c28ba60982eedd7f408e076cfade51e280f756dbddb42cefdef5a,2025-10-01T08:02:51.550641+00:00
psi_agent/alignment_monitor/benchmarking/flaw_detector.py,2403,59,python,de64c835ffc70e3e83d59c27047ce0d5dba882c45f15ea9a894ace0452027ce1,2025-10-01T08:02:51.550641+00:00
psi_agent/alignment_monitor/integration/__init__.py,0,0,python,e3b0c44298fc1c149afbf4c8996fb92427ae41e4649b934ca495991b7852b855,2025-10-01T08:02:51.550641+00:00
psi_agent/alignment_monitor/integration/auto_aligner.py,2305,54,python,28e0730940ee1bfbf6e5a6d5cc95c1c78457e25c32348b500444a60ce2f96e7e,2025-10-01T08:02:51.550641+00:00
psi_agent/alignment_monitor/integration/timeline_tracker.py,1414,33,python,19821316943ffb62231ddc3f00f68e40021319cba30460c39705fcdd242905a2,2025-10-01T08:02:51.550641+00:00
psi_agent/alignment_monitor/processing/__init__.py,0,0,python,e3b0c44298fc1c149afbf4c8996fb92427ae41e4649b934ca495991b7852b855,2025-10-01T08:02:51.554641+00:00
psi_agent/alignment_monitor/processing/prediction_parser.py,1933,52,python,676a7f909e9b1a198dccf12f506fcfd587775c1e4a95e52cfd9f9bf05658b71f,2025-10-01T08:02:51.554641+00:00
psi_agent/alignment_monitor/processing/synthesizer.py,1977,50,python,4a857a35a5b32c2b78194f73c5ba690b8c5bf1d514c7343e0e9dead83eace88a,2025-10-01T08:02:51.554641+00:00
psi_agent/alignment_monitor/scanner/__init__.py,0,0,python,e3b0c44298fc1c149afbf4c8996fb92427ae41e4649b934ca495991b7852b855,2025-10-01T08:02:51.554641+00:00
psi_agent/alignment_monitor/scanner/alignment_scanner.py,2816,70,python,f0d3201beadace22f5faf89160dc2241ef3f43c8c027e5cabe4fae179dc764ac,2025-10-01T08:02:51.554641+00:00
psi_agent/alignment_monitor/scanner/source_aifutures.py,754,19,python,a88ddb288c3717373da28111d708114e09b4dfb0041fc21cd849b836c13c6a7f,2025-10-01T08:02:51.554641+00:00
psi_agent/alignment_monitor/scanner/source_arxiv.py,738,20,python,8e4d1e97edd53916811dec34a1a680755d132b26fdcc127315f5c96ec18bbcf8,2025-10-01T08:02:51.554641+00:00
psi_agent/alignment_monitor/scanner/source_hn_reddit.py,749,19,python,1e558c8b7e49230c461c763be0f62e4045f0648da552d175f5a2f2cc001ec3c1,2025-10-01T08:02:51.554641+00:00
psi_agent/alignment_monitor/scanner/source_lw_af.py,726,19,python,406c2df681a2d0c52d4a70cbad6f45cc754853a9fb910116f4dc6cc9969a47c6,2025-10-01T08:02:51.554641+00:00
psi_agent/daemon/__init__.py,0,0,python,e3b0c44298fc1c149afbf4c8996fb92427ae41e4649b934ca495991b7852b855,2025-10-01T08:02:51.558641+00:00
psi_agent/daemon/vm_daemon.py,4096,135,python,8d11248c7b9cc1a88a3bcdd5d8b6a8c320665e95b9b270caa0822eb22139f5f9,2025-10-01T08:02:51.558641+00:00
psi_agent/memory/__init__.py,0,0,python,e3b0c44298fc1c149afbf4c8996fb92427ae41e4649b934ca495991b7852b855,2025-10-01T08:02:51.558641+00:00
psi_agent/memory/cockroachdb_ledger.py,767,24,python,979dd9b48090aef6ac3765fe9455195e5a0824dff40eb841fb2bda9993f539c3,2025-10-01T08:02:51.558641+00:00
psi_agent/memory/neo4j_anchor.py,854,25,python,fbe0b2ed8b013d912fc805544e14f66db0676694e1480e4d0c228113bc5fdf8e,2025-10-01T08:02:51.562641+00:00
psi_agent/mutation/__init__.py,0,0,python,e3b0c44298fc1c149afbf4c8996fb92427ae41e4649b934ca495991b7852b855,2025-10-01T08:02:51.562641+00:00
psi_agent/mutation/fingerprint.py,923,25,python,276ee10586380a864bb3ccd3a1348e30957776d789b7a32f30c8493cbf413a07,2025-10-01T08:02:51.562641+00:00
psi_agent/mutation/mutation_engine.py,1364,30,python,d6f1bbfc376d57ee72bef04687a78583d6590d1238a769088528a0176f30cef7,2025-10-01T08:02:51.562641+00:00
psi_agent/orchestration/__init__.py,0,0,python,e3b0c44298fc1c149afbf4c8996fb92427ae41e4649b934ca495991b7852b855,2025-10-01T08:02:51.562641+00:00
psi_agent/orchestration/pr_simulator.py,1217,30,python,7e563e4cd6bcde2e860fd0144abf114a5ce4faf9fc8f75273a11d3516f99218f,2025-10-01T08:02:51.562641+00:00
psi_agent/orchestration/psi_kernel.py,769,22,python,84ab12bcc4f99736b21387c7c7be124ab55349524593806578580b5e6f578b08,2025-10-01T08:02:51.562641+00:00
psi_agent/utils/__init__.py,0,0,python,e3b0c44298fc1c149afbf4c8996fb92427ae41e4649b934ca495991b7852b855,2025-10-01T08:02:51.566641+00:00
psi_agent/utils/logging.py,704,25,python,db3cb18183b120ba72578267127ac485106b2d796d3ca27fc28ab0d4c87d1909,2025-10-01T08:02:51.566641+00:00
pytest.ini,23,2,ini,88c344ea0f814ab7b9108bb818651db34ef2b8c81dc5b5bf6bcd64823038a54a,2025-10-01T08:02:51.566641+00:00
requirements.txt,127,14,text,f84a4a2461684814e1f650cce877af25f5bdee7f9e327afb4b1aae94a4f84350,2025-10-01T08:02:51.566641+00:00
run_mission.py,585,16,python,766b046c74d172cca1941dcb01eeb5e6a5c05902b175a389c5fd08ca4ae663ba,2025-10-01T08:02:51.566641+00:00
scripts/DirectiveReplayHarness.py,1387,41,python,65fef98c6e48d42fcc20035e423c9984c435de0eb47507047950c0b8cc96f21a,2025-10-01T08:02:51.566641+00:00
scripts/commitandmerge.py,3826,90,python,6043dc97ecaf0f680b8c706ac8a63db1966493507b02b1a1b5e61e645f9f279b,2025-10-01T08:02:51.566641+00:00
scripts/deploy-opa.sh,779,21,bash,0bf699555bab89f6f1ee9b40dfbd88a1c5e6d8dd3b8cae463f2fbfc8440edb46,2025-10-01T08:02:51.566641+00:00
scripts/exploitlineagetracer.py,2975,83,python,96792aced1b33c9a4fb52b8ba4f19f8980aa810c3ef1fc3aedd0f57c5937b620,2025-10-01T08:02:51.566641+00:00
scripts/failure_tracer.py,674,19,python,60aa73cb598671b696480ea4699431082a9e813c6102cf2b70d9d9330bbaaa4b,2025-10-01T08:02:51.570641+00:00
scripts/install_dependencies.sh,4175,135,bash,aecac084712163b740f74344e0cbe9be646eebd14ced6e93dcd6b2a6b7492a5a,2025-10-01T08:02:51.570641+00:00
scripts/install_systemd.sh,1761,67,bash,c7e86fa9fc47bf214cddf6b30addb001f73e3542a84c27716c5925b94db939c0,2025-10-01T08:02:51.570641+00:00
scripts/jules_memory_anchor.py,958,31,python,90c21355d11d7820611139a76279f495a05b1563cf52eca01458429a32c1d0bb,2025-10-01T08:02:51.570641+00:00
scripts/jules_recursive_loop_engine.py,3055,75,python,3aaa472113bd206b0082eeeaadcbba4d2ce17fe5395cecc28322cb63d6787609,2025-10-01T08:02:51.570641+00:00
scripts/jules_self_rewriter.py,1363,32,python,33bbbed177b0b3629192099368263968840624348b587e29c3410a9496a6dc39,2025-10-01T08:02:51.570641+00:00
scripts/julesflawmaprunner.py,3015,84,python,e2cf11b97201b11d095323c91c961d4cc036f69dd99133b193ea600a97bbdd99,2025-10-01T08:02:51.570641+00:00
scripts/load-opa-policies.sh,1187,32,bash,a4f409e20ea827d9d27f1a6de968c2aeb4ed2d72d52fe0b3326db8dcb486f1b4,2025-10-01T08:02:51.574641+00:00
scripts/patch_benchmark_matrix.py,812,22,python,7ec5f4732effe7c51a2f1b6362946b3e1b44e8f211dce041b8ec09d546e2b783,2025-10-01T08:02:51.574641+00:00
scripts/selfhealingloop.py,4154,101,python,1ed0e900802faae473f9319c9d37952db8faf277cea53e5c36f5df0d1abf4a6c,2025-10-01T08:02:51.574641+00:00
scripts/verify_gateway.sh,1299,45,bash,9be8a90310b3c6f3188e1a5143e5e51aa1ae5d2c5d0709edc0917b5d84b87d3e,2025-10-01T08:02:51.574641+00:00
sentinel_core/adapters/claude_adapter.py,622,14,python,007f305993a716389cc038239e95accd2b421c4d28dab8228019c9e9cfe87ed8,2025-10-01T08:02:51.574641+00:00
sentinel_core/adapters/gemini_adapter.py,249,5,python,f0feb143974fcb673960054fe46449ae4e40d2061ee27e5dd476f36e4812a7df,2025-10-01T08:02:51.574641+00:00
sentinel_core/adapters/grok_adapter.py,130,4,python,1a3a2315db10f2bb6bbfbae8a65dcba83f47771f56350caf0542c2a6a23a2a64,2025-10-01T08:02:51.578641+00:00
sentinel_core/adapters/openai_adapter.py,136,4,python,ca34b49d359b4997b3c904b284ec28e8b289c9343e7fb63e30ca969025a12d47,2025-10-01T08:02:51.578641+00:00
sentinel_core/agents/anti_slop_benchmark.py,2090,56,python,b96e313b0d4aa2e993ba9a8dddce6e81828c451e2c01e243322c05de836072ee,2025-10-01T08:02:51.578641+00:00
sentinel_core/agents/consensus_engine.py,554,15,python,5e916f37ec9d1b7a35f872b7af81c80fc2658d64e364f3cd3f6e73e487b4797f,2025-10-01T08:02:51.578641+00:00
sentinel_core/agents/cortex.py,327,11,python,37039f54ca271336483a541f72c167ac474d5c99b6a89781f893cf21a4d7953b,2025-10-01T08:02:51.578641+00:00
sentinel_core/agents/jules.py,4148,96,python,7d270f7d1bc1b75dfdf51c0b0d9b6dbc692f3b55a36c1834059c375211de4b2f,2025-10-01T08:02:51.578641+00:00
sentinel_core/agents/patch_success_predictor.py,2214,62,python,e263f9304ddcedbdce0d7f2f3a622ae612414d6f52fef5d8335b2d2c363f10c9,2025-10-01T08:02:51.578641+00:00
sentinel_core/agents/self_evolving_memory.py,3256,88,python,5de27982d6797db890ac247a834ce72927712a678d762c930a97c3de5f285482,2025-10-01T08:02:51.582641+00:00
sentinel_core/agents/sentinel.py,826,20,python,2765fca0082c0e5eba40c67861c70830e9e482ffaa0ea3bfcd9f4ac483ba4c97,2025-10-01T08:02:51.582641+00:00
sentinel_core/agents/symbolic_consistency_verifier.py,2843,62,python,4e5398f4e89bbb43a53883a5655c94388d48063e1bbbcbadcf9683f22bceb020,2025-10-01T08:02:51.582641+00:00
sentinel_core/agents/validator.py,374,12,python,accee8bd972eab07a6d73c8938533d5efe88f94a338a1e699f4ad6b024e91e5e,2025-10-01T08:02:51.582641+00:00
sentinel_core/config/sentinel_config.py,222,13,python,572a9c1b8153e87f29026cca9e8ed2c3888a85610041383ea45ea4bcaa2147ac,2025-10-01T08:02:51.582641+00:00
sentinel_core/interfaces/cli.py,223,15,python,5d6b3a6f33cbd1afa91d8a3777a382d1dea4948ca7d83f166dbb76b090d0d4e6,2025-10-01T08:02:51.586641+00:00
sentinel_core/interfaces/mobile_api.py,227,10,python,295ed30585e3e66c20eb0378938bc0ac2234450506874b22167c7758efd99e1f,2025-10-01T08:02:51.586641+00:00
sentinel_core/interfaces/web_api.py,169,11,python,9a91821657230d1a0900034ea26a33942595f7290f932b9deab2ba230ba0a602,2025-10-01T08:02:51.586641+00:00
sentinel_core/main.py,193,9,python,54f477ae845685e5cbad6b810417b4a3e884a1268a5ff3a52f9b4e235f480d11,2025-10-01T08:02:51.586641+00:00
sentinel_core/storage/audit_logger.py,172,7,python,59a0cf07c3d4a65061a6f3646bb0b00a1bcfba47cd8a837a1984d5f063b27ddc,2025-10-01T08:02:51.586641+00:00
sentinel_core/storage/memory_cache.py,584,19,python,c9f68356463c58eea2afe91e53442c8aaa4373436ffe42829f2c3bce2f87ca8c,2025-10-01T08:02:51.590641+00:00
sentinel_core/storage/neo4j_anchor.py,3058,71,python,4783a50264384c0f7ba1fa719d39fc449dea518a15d16cdf3b841264f3374640,2025-10-01T08:02:51.590641+00:00
sentinel_core/workflows/jules_activities.py,452,10,python,69d9a09fcc8a1a4c3ce074ffe877bbc1c9072e113057220be9a154d0b13fcf81,2025-10-01T08:02:51.590641+00:00
sentinel_core/workflows/merge_resolver.py,339,11,python,de8a2a4f718c7c52dee21f61c21c01eea3778f0ded330b7865f0c336217e4a1f,2025-10-01T08:02:51.590641+00:00
sentinel_core/workflows/patch_generator.py,228,7,python,1f9e3acb4e6d479220bf6c91572d6bd340dbad53ef1c99166b6b969101403695,2025-10-01T08:02:51.590641+00:00
sentinel_core/workflows/patch_workflow.py,371,11,python,d22ed484fd857d6333df2417fb7eaa3985b497560518777ef71d5a2082c48687,2025-10-01T08:02:51.590641+00:00
sentinel_core/workflows/pr_drafter.py,981,26,python,b281c1c5dcac7607fefd9477a06da36687643108e9055188976e328cbedd2e97,2025-10-01T08:02:51.590641+00:00
sentinel_core/workflows/selfhealworkflow.py,502,16,python,7221fd3adf4b1266fb4a8d91a53257b4ca6ef4dd2ec9dec731697c75b184f703,2025-10-01T08:02:51.594641+00:00
sentinel_core/workflows/validation_workflow.py,221,9,python,07b9e5026f5f5111e8d403598a5337f1f1a77c0aac6bef530916890e25842eec,2025-10-01T08:02:51.594641+00:00
services/palantir_harvester/Dockerfile,337,15,text,e0cd5549b01cdb3d196bc5b002774859c377490d439589ea185c3033fced494b,2025-10-01T08:02:51.594641+00:00
services/palantir_harvester/activities/palantir_ingestion.py,392,12,python,f34e56d00bab2e3cd0bc3bf92171738f77ff175c467b29edafc5fe82c781d3f9,2025-10-01T08:02:51.594641+00:00
services/palantir_harvester/requirements.txt,10,1,text,3c362ed0ec33d74d96388006acd0243c76fd2d01cf3c05acaab4c166551cf292,2025-10-01T08:02:51.594641+00:00
services/palantir_harvester/worker.py,603,23,python,4ace807d2cf02034d27217571b5ce970b77e62c9f565b6ca85ed32bf993c028b,2025-10-01T08:02:51.598641+00:00
services/palantir_harvester/workflows/palantir_feature_harvester_workflow.py,435,15,python,cb25716343dec39294d844a01c133fa037d16e5b67922d278e4f006fad59696d,2025-10-01T08:02:51.598641+00:00
services/requirements.txt,47,5,text,832ba375c30e3df3265e01dbf67571d817b9f8d6b6330616568a07f14d3b7e0d,2025-10-01T08:02:51.598641+00:00
services/self_healing/Dockerfile,337,15,text,e0cd5549b01cdb3d196bc5b002774859c377490d439589ea185c3033fced494b,2025-10-01T08:02:51.598641+00:00
services/self_healing/activities/bug_bounty_ingestion.py,409,12,python,f16959b92e7711d84b26cbba271860708ec4c3688e172d1e7dadd8ca4e3edff5,2025-10-01T08:02:51.598641+00:00
services/self_healing/requirements.txt,10,1,text,3c362ed0ec33d74d96388006acd0243c76fd2d01cf3c05acaab4c166551cf292,2025-10-01T08:02:51.598641+00:00
services/self_healing/worker.py,546,21,python,cd16492c089a4a3260e14c25d536874cdea9d1946f5542dd2eff7e4753c38fee,2025-10-01T08:02:51.602641+00:00
services/self_healing/workflows/self_healing_workflow.py,422,15,python,b8af4b887bda61d8c6fed0c2a67080eec7846111b287c436b8c652935df2025a,2025-10-01T08:02:51.602641+00:00
services/semantic-search-api/main.py,4402,138,python,3d4cde94bb9694b95e2632ebbf1ea6afb02dab3f2ec8ddb0fbe1bdd70e945866,2025-10-01T08:02:51.602641+00:00
services/semantic_search_api/main.py,3676,125,python,15db5ff400fd0e8964b7915123ec0ad48ff157323bf058ecef04e4f45e926ee1,2025-10-01T08:02:51.602641+00:00
services/synapse-cortex/activities/embedding_activities.py,7572,221,python,16c104b9236846946aa8bc297871fdd89a2318056e97754472e291597146d317,2025-10-01T08:02:51.606641+00:00
services/synapse-cortex/worker.py,1653,48,python,ff727c3a6c377fe76e609e888758608710408d1992bb319efc4bdd7986a9d327,2025-10-01T08:02:51.606641+00:00
services/synapse-cortex/workflows/semantic_search_workflow.py,3509,103,python,221203725de4be9b46bea951a63af1e614902f9ebe2f6d1c2f124b3b0af2797c,2025-10-01T08:02:51.606641+00:00
services/synapse_cortex/activities/__init__.py,125,4,python,885262d2df5d00d7e8ef8cd2ae4f662266ade534351d7bc7ef8c235fc5dcde8a,2025-10-01T08:02:51.606641+00:00
services/synapse_cortex/activities/embedding_activities.py,6551,201,python,408025b928fa568e4ada133d2892fe687aa39eb1588642ea3c712a019789ad00,2025-10-01T08:02:51.606641+00:00
services/synapse_cortex/activities/policy_activities.py,1781,42,python,8e71dc6c01bb55b4d4130766662c639f0a528a428a8c513e125a0402c89fa2eb,2025-10-01T08:02:51.610641+00:00
services/synapse_cortex/activities/prompt.py,558,14,python,c39a6f2ba78f0895e7c74f522d855cf1b7cf6e5a983669528426bc269914cce9,2025-10-01T08:02:51.610641+00:00
services/synapse_cortex/workflows/issue_to_pr.py,3002,75,python,b4badd838d0a4ea25cbc0cd5a317fe32836baf0b1ec8a6487b2796318d78dec2,2025-10-01T08:02:51.610641+00:00
services/synapse_cortex/workflows/semantic-search.ts,2315,66,typescript,85db0d814cbc3ae8371e8f5b0a63ea67c9d4a876618c1125a9cfff12eb562adf,2025-10-01T08:02:51.610641+00:00
services/xbow_validator/Dockerfile,337,15,text,e0cd5549b01cdb3d196bc5b002774859c377490d439589ea185c3033fced494b,2025-10-01T08:02:51.610641+00:00
services/xbow_validator/activities/penetration_testing.py,457,12,python,7708776fd8cb64531b2f6f2c6dbf64572cceadc9826590d21eef25a4c7e327fe,2025-10-01T08:02:51.610641+00:00
services/xbow_validator/requirements.txt,10,1,text,3c362ed0ec33d74d96388006acd0243c76fd2d01cf3c05acaab4c166551cf292,2025-10-01T08:02:51.610641+00:00
services/xbow_validator/worker.py,562,21,python,11090164d6a6c2cd8efe4eba1791a12c19ff0e7d61e05f6e50f84f1b2c7681dc,2025-10-01T08:02:51.614641+00:00
services/xbow_validator/workflows/xbow_validation_workflow.py,465,16,python,5df61b415989299372d4bb8766257dd73e56bd21a8c456b42dc81452cfdf9b2f,2025-10-01T08:02:51.614641+00:00
setup.py,1434,45,python,0896004d26e1e2681ba7c7cbf276a4cdd0a281a9e57fffa5cd6c1d612b01d838,2025-10-01T08:11:33.818260+00:00
syzygy-os/flake.nix,1362,38,text,fe9801521cb98c4629ed6fbdf09cff385d53de2d5a43dd8b0ca40dc9568a36e8,2025-10-01T08:02:51.614641+00:00
syzygy-os/hosts/syzygy-gce/configuration.nix,1708,58,text,bf91fbca1549bd22e0148c3ffc9ec8d755aba2d9937e4e927985706558f0bb81,2025-10-01T08:02:51.618641+00:00
syzygy-os/users/operator/home.nix,746,30,text,68b310e7c7f70b36058597a738c87a3d94cad51e7f425dfb61af116e7ab3f259,2025-10-01T08:02:51.618641+00:00
task_simulator/README.md,1164,30,markdown,4493ec91c64b9b69c9df8efc15dd0874a9ac9b74ea1e1f6cb65a72e0309f0710,2025-10-01T08:02:51.618641+00:00
task_simulator/requirements.txt,14,2,text,b33d62695da0b0a52bd4e5f3e8359cb0561df6460f8f937746e881feece8d4f1,2025-10-01T08:02:51.618641+00:00
task_simulator/simulator.py,2355,65,python,b096a6fbb7b190de08804eea30cff42ff323a030c431dfd61e6955a5e52ebfce,2025-10-01T08:02:51.622641+00:00
tests/optimizer_sentinel/agents/test_predictive_debug_engine.py,2143,53,python,e1ed2522e3634820055b38eae802b7a8f6f3a0659087a936c1c35aa556f1d28b,2025-10-01T08:02:51.622641+00:00
tests/optimizer_sentinel/test_schemamigrationguard.py,1016,31,python,1a777d0d475cf3304b73f0ecf244e42920ac34edb2695a3b5eb489fe74119a4f,2025-10-01T08:02:51.622641+00:00
tests/test_api.py,1900,70,python,b25257cce653ee23d2bc4d9fd8c1934b43a212e03237f6e3940c1c82d7c989ad,2025-10-01T08:02:51.622641+00:00
tests/test_build_helper.py,4601,140,python,c1753ab62474ca58a6255db78b9f3e36ec6c6a68008f41d3606a681df04bfb44,2025-10-01T08:02:51.626641+00:00
tests/test_cli.py,1236,44,python,982d1b8948d61ff0c5fbcaf26ae6a6b5ebf6b0ead81b98ea0e8975fdb48225fc,2025-10-01T08:02:51.626641+00:00
tests/test_core.py,1429,51,python,152b3c28c592a320da8ee70bc95c1dda79e6a8e843a71432799623f0121cfbd9,2025-10-01T08:02:51.626641+00:00
tests/test_cross_platform_validator.py,3512,80,python,af59370bf508bcdf129151b9eb9efe3ebbebf62427e5f7229feb37cb3d207b2a,2025-10-01T08:02:51.626641+00:00
tests/test_jules_agent_suite.py,4694,114,python,ceae57eefd7ca1bcbbdac8a7db7d1790cc3a3be19c370980b2dc0b4f780b707a,2025-10-01T08:02:51.626641+00:00
tests/test_palantir_harvester.py,1023,28,python,7b16100e477ce48ae42fb5e52a36a23cbab914174614dcaad86957e2aa119855,2025-10-01T08:02:51.626641+00:00
tests/test_self_healing.py,918,24,python,998a04abf1f06e78d68448ed00bb23004eaf090d45e9e93a61b5243e24766106,2025-10-01T08:02:51.626641+00:00
tests/test_semantic_search.py,3991,117,python,adfe69f8e3649305cd3955fba7052269c9bc8560d1d1f6c4aaef390d41a88d21,2025-10-01T08:02:51.626641+00:00
tests/test_xbow_validator.py,1073,32,python,336c090c416178a3d78386fb7cc3ec44cbf51f0c39a14f687c57fb29d2c2f27f,2025-10-01T08:02:51.626641+00:00
tests/testcommitintegrity.py,3055,76,python,14af8f9d75fad0593bab7f9c46dce8c59327d2da642439f9eb59f3335a0da4d3,2025-10-01T08:02:51.626641+00:00
tests/testflawmaptrace.py,2827,70,python,93cfbc82b6268f9fa241facebab79237ea38eeb1a8350a2bf595f36fb9116c13,2025-10-01T08:02:51.630641+00:00
tests/testrecoverycycle.py,3330,84,python,b7d90d4269b9ed9dc2878756f38af00b4f6f937516ca40f6c43d3f705ba02cee,2025-10-01T08:02:51.630641+00:00
